{"train_loss": 3.2165920734405518, "epoch": 8, "trainer/global_step": 674, "_timestamp": 1685529150.1143746, "_runtime": 43.5056266784668, "_step": 21, "val_acc": 0.0949999988079071}